{"cameraMode":{"drawMode":0,"name":"Shaded","section":"Shading Mode"},"sceneLighting":true,"audioPlay":false,"sceneViewState":{"m_AlwaysRefresh":false,"showFog":true,"showSkybox":true,"showFlares":true,"showImageEffects":true,"showParticleSystems":true,"showVisualEffectGraphs":true,"m_FxEnabled":true},"in2DMode":false,"pivot":{"x":7.708014965057373,"y":9.761980056762696,"z":39.337432861328128},"rotation":{"x":0.005327646620571613,"y":-0.9947239756584168,"z":0.07155096530914307,"w":0.07372187077999115},"size":0.07942083477973938,"orthographic":false}